{"cameraMode":{"drawMode":0,"name":"Shaded","section":"Shading Mode"},"sceneLighting":true,"audioPlay":false,"sceneViewState":{"m_AlwaysRefresh":false,"showFog":true,"showSkybox":true,"showFlares":true,"showImageEffects":true,"showParticleSystems":true,"showVisualEffectGraphs":true,"m_FxEnabled":true},"in2DMode":false,"pivot":{"x":0.8083418011665344,"y":2.4300193786621095,"z":-3.2797136306762697},"rotation":{"x":-0.0812152773141861,"y":-0.011362569406628609,"z":0.0009206417016685009,"w":-0.9966409802436829},"size":3.97938871383667,"orthographic":false}