{"cameraMode":{"drawMode":0,"name":"Shaded","section":"Shading Mode"},"sceneLighting":false,"audioPlay":false,"sceneViewState":{"m_AlwaysRefresh":false,"showFog":true,"showSkybox":false,"showFlares":true,"showImageEffects":true,"showParticleSystems":true,"showVisualEffectGraphs":true,"m_FxEnabled":true},"in2DMode":false,"pivot":{"x":-0.5227055549621582,"y":0.26446008682250979,"z":0.005982398986816406},"rotation":{"x":0.04828505590558052,"y":0.019473331049084665,"z":-0.0009510716190561652,"w":0.9987090826034546},"size":8.503629684448243,"orthographic":false}